ID,Diagnosis,Location,Allele Change,Mutation-Type
00100728,Malignant,151266820,0,1
01332717,Malignant,72345527,0,1
01210422,Malignant,72351189,1,6
01192227,Malignant,72345419,0,1
01172730,Benign,72353011,1,6
01172729,Benign,72347885,2,6
01172728,Benign,72347852,3,6
01161291,Benign,72350585,4,6
01159800,Benign,72346696,2,6
01158359,Benign,72350618,5,6
01158347,Benign,72349177,6,6
01155647,Benign,72375931,5,6
01155646,Benign,72356568,5,6
01155645,Benign,72353733,1,6
01155644,Benign,72349269,3,6
01155643,Benign,72346717,5,6
01154238,Benign,72349225,1,6
01153442,Benign,72346594,7,6
01152608,Benign,72348107,6,6
01152184,Benign,72355578,8,6
01152177,Benign,72344150,9,6
01151332,Benign,72346618,1,6
01150491,Benign,72346591,10,6
01148472,Benign,72345436,0,2
01146692,Benign,72344134,6,6
01145500,Benign,72347752,1,6
01143303,Benign,72349198,5,6
01142522,Benign,72375922,4,6
01141558,Benign,72350588,7,6
01140263,Benign,72345557,7,6
01139471,Benign,72375850,10,6
01139222,Benign,72351154,8,6
01137341,Benign,72375790,7,6
01137339,Benign,72351202,7,6
01137338,Benign,72347765,6,6
01137337,Benign,72346282,6,6
01137199,Benign,72349267,6,6
01135925,Benign,72349156,2,6
01135720,Benign,72375805,7,6
01135486,Benign,72350639,7,6
01135301,Benign,72375967,5,6
01134901,Benign,72351172,7,6
01134857,Benign,72350654,6,6
01134244,Benign,72353119,11,6
01132406,Benign,72375925,7,6
01131215,Benign,72375898,9,6
01131210,Benign,72355549,6,6
01130539,Benign,72353058,9,6
01130285,Benign,72347766,7,6
01126967,Benign,72375790,9,6
01124832,Benign,72345538,11,6
01124247,Benign,72351223,11,6
01122043,Benign,72375784,1,6
01120860,Benign,72349216,7,6
01118732,Benign,72344110,5,6
01116534,Benign,72356603,7,6
01116489,Benign,72346297,6,6
01115242,Benign,72350555,1,6
01115037,Benign,72349216,9,6
01112973,Benign,72353079,7,6
01112813,Benign,72356610,1,6
01112812,Benign,72355631,5,6
01112811,Benign,72351123,7,6
01112810,Benign,72347740,6,6
01112809,Benign,72345558,6,6
01112076,Benign,72350508,2,6
01110941,Benign,72344113,6,6
01109704,Benign,72346318,12,6
01108733,Benign,72355566,6,6
01107458,Benign,72353086,6,6
01106053,Benign,72346618,10,6
01105754,Benign,72350510,6,6
01105450,Benign,72346240,1,6
01104804,Benign,72346666,5,6
01103301,Benign,72348089,7,6
01099298,Benign,72346684,1,6
01099285,Benign,72348142,11,6
01097676,Benign,72353059,11,6
01096553,Benign,72350531,1,6
01095509,Benign,72356559,6,6
01094146,Benign,72351238,5,6
01093316,Benign,72353146,6,6
01092936,Benign,72345547,7,6
01092904,Benign,72346226,6,6
01090876,Benign,72375877,7,6
01089190,Benign,72345560,6,6
01085384,Benign,72347746,7,6
01084861,Benign,72375829,7,6
01084479,Benign,72356580,7,6
01084478,Benign,72355563,7,6
01084477,Benign,72350511,5,6
01084476,Benign,72347734,6,6
01084244,Benign,72375763,7,6
01084093,Benign,72349189,7,6
01082644,Benign,72375787,7,6
01081742,Benign,72344147,7,6
01079810,Benign,72347689,5,6
01076944,Malignant,72375941,0,6
01076289,Malignant,72348047,11,6
01075310,Malignant,72356581,0,1
01075193,Malignant,72346599,0,1
01074825,Malignant,72350568,1,6
01074243,Malignant,72375833,0,1
01069429,Malignant,72347734,8,6
01068668,Malignant,72346637,0,1
01068265,Malignant,72349078,1,6
01067655,Malignant,72346686,1,6
01062447,Benign,72375776,5,6
01060883,Benign,72349210,7,6
01052795,Malignant,72355554,3,6
01040974,Benign,72375746,11,6
01037233,Benign,72346586,1,6
01035422,Benign,72375735,3,6
01009976,Malignant,72375716,4,6
01004843,Benign,72375918,7,6
01003011,Malignant,72355624,2,6
00992197,Malignant,72349103,1,6
00992196,Malignant,72353139,8,6
00989844,Benign,72375880,2,6
00989843,Benign,72356650,1,6
00989842,Benign,72350534,6,6
00989841,Benign,72344111,12,6
00987865,Malignant,72375870,7,6
00984491,Malignant,72353142,0,1
00984040,Malignant,72356587,12,6
00984039,Malignant,72355601,7,6
00984038,Malignant,72353699,10,6
00984037,Malignant,72349107,10,6
00984036,Malignant,72348097,2,6
00983878,Malignant,72347734,12,6
00983877,Malignant,72347714,1,6
00983876,Malignant,72347713,1,6
00983875,Malignant,72347712,7,6
00983874,Malignant,72347709,10,6
00981050,Malignant,72353069,0,2
00972237,Benign,72347744,0,2
00968774,Benign,72346693,9,6
00965758,Benign,72346637,0,2
00961970,Malignant,72346236,0,2
00957455,Malignant,72356520,1,6
00945746,Malignant,72355574,0,1
00943638,Malignant,72356619,5,6
00943184,Malignant,72348082,10,6
00938301,Benign,72346228,0,1
00936196,Malignant,72351171,0,2
00935829,Malignant,72346256,7,6
00934937,Malignant,72353096,6,6
00931862,Benign,72353197,7,6
00929000,Malignant,72351189,0,1
00928998,Malignant,72353739,5,6
00918075,Malignant,72345528,10,6
00918074,Malignant,72355624,5,6
00917630,Malignant,72346674,0,1
00864453,Malignant,72353728,0,1
00853583,Malignant,72356594,0,6
00853454,Malignant,72355561,1,6
00851122,Malignant,72344138,1,6
00848178,Benign,72355598,8,6
00842142,Malignant,72356557,0,5
00842051,Malignant,72349259,1,6
00841751,Malignant,72346593,9,6
00839454,Benign,72353160,1,6
00838291,Benign,72375867,7,6
00811826,Malignant,72375941,6,6
00811723,Benign,72349229,9,6
00803106,Benign,72353099,4,6
00798548,Benign,72355590,3,6
00798440,Benign,72349108,6,6
00795781,Benign,72353747,5,6
00795404,Benign,72346600,7,6
00793686,Benign,72356562,2,6
00792633,Benign,72350528,7,6
00791700,Benign,72349084,7,6
00706003,Benign,72346603,7,6
00705493,Benign,72345495,7,6
00705452,Benign,72353110,4,6
00702875,Benign,72344122,5,6
00701951,Benign,72351208,7,6
00701158,Benign,72344119,7,6
00700888,Benign,72347677,11,6
00700806,Benign,72346540,7,6
00700042,Benign,72353121,7,6
00699587,Benign,72349159,7,6
00699170,Benign,72375736,7,6
00699153,Benign,72375960,4,6
00698839,Benign,72353186,7,6
00697761,Benign,72345529,7,6
00697552,Benign,72351223,1,6
00697361,Benign,72346627,7,6
00697284,Benign,72346551,0,4
00696182,Benign,72344095,1,6
00695932,Benign,72346318,6,6
00695525,Benign,72375871,7,6
00695235,Benign,72375904,9,6
00662486,Malignant,72353720,7,6
00662159,Benign,72351218,5,6
00656465,Benign,72345496,9,6
00654741,Malignant,72351133,10,6
00652828,Benign,72351138,5,6
00652196,Benign,72356526,8,6
00651332,Benign,72375792,7,6
00649716,Malignant,72348093,10,6
00647955,Benign,72347666,0,5
00644889,Malignant,72375970,1,6
00619222,Malignant,72345473,0,1
00619221,Malignant,72375972,4,6
00582729,Benign,72348048,7,6
00569012,Malignant,72351235,10,6
00562219,Malignant,72349135,0,2
00558499,Malignant,72345444,6,6
00558071,Malignant,72353688,0,5
00557877,Malignant,72346642,0,2
00557782,Malignant,72349124,2,6
00557460,Malignant,72375901,1,6
00557264,Benign,72344096,0,1
00557210,Malignant,72350574,10,6
00557182,Malignant,72353086,0,2
00557181,Benign,72353699,0,2
00557082,Malignant,72347692,0,1
00556602,Benign,72346222,1,6
00556598,Benign,72346224,0,1
00556416,Malignant,72375864,12,6
00556355,Benign,72375754,0,6
00556348,Malignant,72356524,1,6
00556323,Malignant,72356524,10,6
00556070,Malignant,72351198,8,6
00555956,Malignant,72345461,10,6
00555822,Malignant,72346686,0,2
00555688,Malignant,72345551,10,6
00555687,Malignant,72349088,0,1
00555452,Benign,72347997,1,6
00555211,Malignant,72346295,1,6
00555154,Malignant,72346263,1,6
00555127,Benign,72347678,1,6
00555126,Benign,72348007,7,6
00555101,Benign,72346215,0,5
00555082,Benign,72346220,10,6
00555055,Malignant,72347729,5,6
00555044,Benign,72375872,5,6
00555043,Benign,72346668,7,6
00555027,Malignant,72346281,5,6
00555026,Benign,72346240,11,6
00555024,Benign,72347745,1,6
00555019,Benign,72348099,5,6
00555015,Malignant,72346538,6,6
00554899,Benign,72370613,1,6
00554885,Benign,72346582,5,6
00554884,Benign,72356567,7,6
00554883,Malignant,72353722,10,6
00554882,Malignant,72347748,5,6
00554871,Benign,72345497,5,6
00554870,Malignant,72346679,1,6
00554863,Benign,72375920,1,6
00554861,Benign,72355583,11,6
00554859,Malignant,72353093,7,6
00554858,Benign,72375839,4,6
00554856,Benign,72356585,1,6
00554854,Malignant,72346628,7,6
00554849,Benign,72375762,9,6
00554847,Malignant,72346626,1,6
00554841,Malignant,72346620,7,6
00554821,Benign,72356611,1,6
00554731,Malignant,72375953,1,6
00554702,Benign,72375963,6,6
00554686,Malignant,72346234,10,6
00554678,Benign,72346651,0,1
00554588,Benign,72348118,2,6
00554486,Benign,72375972,0,1
00554357,Malignant,72345445,10,6
00554039,Benign,72347761,0,2
00553909,Malignant,72375833,0,6
00553832,Malignant,72375834,7,6
00553551,Malignant,72347668,5,6
00553333,Benign,72375972,0,5
00553250,Malignant,72350587,1,6
00552635,Malignant,72346220,11,6
00552290,Malignant,72375713,0,1
00552258,Benign,72346638,0,1
00551737,Malignant,72346689,7,6
00551391,Malignant,72345470,9,6
00551323,Malignant,72353103,7,6
00551190,Benign,72356522,0,6
00550802,Malignant,72375882,7,6
00550606,Benign,72348113,11,6
00550303,Malignant,72348047,10,6
00550258,Benign,72344089,0,1
00528047,Malignant,72344117,0,5
00522667,Malignant,72350569,7,6
00496012,Benign,72353090,12,6
00496011,Malignant,72353179,10,6
00496010,Malignant,72375786,10,6
00493161,Malignant,72375901,10,6
00458318,Malignant,72351224,7,6
00453185,Malignant,72375740,1,6
00446383,Malignant,72351207,1,6
00446267,Malignant,72351231,0,6
00445397,Benign,72345482,5,6
00439785,Benign,72356612,7,6
00438810,Benign,72375965,11,6
00438809,Benign,72370646,7,6
00438808,Benign,72347858,6,6
00438807,Benign,72347844,1,6
00421021,Malignant,72353108,9,6
00417859,Malignant,72346578,0,5
00417379,Malignant,72345446,0,1
00381668,Malignant,72350575,1,6
00379311,Malignant,72375818,3,6
00375365,Malignant,72345518,1,6
00375364,Malignant,72345540,1,6
00375363,Malignant,72346296,11,6
00375362,Malignant,72346307,0,1
00375361,Malignant,72346598,1,6
00375360,Malignant,72347711,4,6
00375359,Malignant,72349160,0,1
00375358,Malignant,72350517,11,6
00375357,Malignant,72350518,11,6
00375356,Malignant,72350535,7,6
00375355,Malignant,72351168,6,6
00375354,Malignant,72351189,11,6
00375353,Malignant,72353114,4,6
00375352,Malignant,72353179,1,6
00375351,Malignant,72353687,4,6
00375350,Malignant,72353724,0,1
00375349,Malignant,72356555,7,6
00374505,Malignant,72353686,1,6
00371633,Malignant,72375891,7,6
00371536,Malignant,72375948,0,1
00371534,Malignant,72375719,1,6
00371490,Malignant,72346526,1,6
00371468,Malignant,72375911,0,5
00371314,Malignant,72353714,0,6
00371169,Malignant,72346235,1,6
00371041,Malignant,72375777,7,6
00370974,Malignant,72349260,11,6
00370895,Malignant,72353173,0,1
00370773,Malignant,72348075,0,1
00370659,Malignant,72350614,7,6
00370628,Malignant,72375780,0,1
00370596,Malignant,72346707,7,6
00370326,Malignant,72375947,3,6
00317055,Benign,72376179,5,6
00317054,Benign,72376153,6,6
00317053,Malignant,72376139,1,6
00317052,Malignant,72376113,1,6
00317051,Malignant,72376108,1,6
00317050,Malignant,72376031,1,6
00317049,Malignant,72375976,1,6
00317048,Benign,72375909,1,6
00317047,Benign,72356600,1,6
00317046,Malignant,72356512,7,6
00317045,Malignant,72350663,6,6
00317044,Malignant,72348088,1,6
00317043,Malignant,72347725,7,6
00317042,Malignant,72346641,7,6
00317041,Malignant,72346221,11,6
00317040,Malignant,72344065,7,6
00317039,Malignant,72344001,1,6
00317038,Benign,72343877,6,6
00317037,Benign,72343722,9,6
00317036,Benign,72343641,7,6
00317035,Benign,72343562,1,6
00317034,Malignant,72343502,1,6
00317033,Benign,72343488,8,6
00317032,Benign,72343447,5,6
00288069,Benign,72375935,7,6
00287080,Malignant,72345537,1,6
00256352,Benign,72350564,1,6
00256351,Benign,72351103,8,6
00256350,Benign,72346371,1,6
00221281,Malignant,72349101,10,6
00221280,Malignant,72349101,1,6
00218337,Malignant,72346679,11,6
00218335,Malignant,72356531,1,6
00218134,Malignant,72346271,2,6
00209160,Malignant,72349266,1,6
00197682,Malignant,72353102,5,6
00195081,Benign,72356573,10,6
00194339,Malignant,72344146,6,6
00189180,Malignant,72353067,1,6
00189166,Malignant,72347709,0,1
00189126,Malignant,72375971,6,6
00189046,Malignant,72346549,0,1
00188954,Malignant,72344139,7,6
00188929,Malignant,72349076,5,6
00188855,Malignant,72349117,0,5
00188812,Malignant,72349148,0,2
00126510,Benign,72350578,7,6
00100730,Malignant,72350604,0,3
00100729,Malignant,72346552,7,6
00093193,Benign,72375964,7,6
00093192,Malignant,72353141,1,6
00093191,Benign,72345454,5,6
00093190,Malignant,72346259,5,6
00093189,Benign,72346551,5,6
00093188,Benign,72346662,5,6
00030606,Malignant,72375800,1,6
00003943,Malignant,72349093,12,6
00003942,Malignant,72346305,9,6
00003941,Malignant,72345550,11,6
00003938,Malignant,72350517,1,6
00003936,Malignant,72346681,1,6
00003935,Malignant,72375857,8,6
00003934,Malignant,72346296,1,6
00003933,Malignant,72349163,8,6
00003932,Malignant,72353724,0,1
00003931,Malignant,72351194,5,6
00003930,Malignant,72355591,8,6
00003929,Malignant,72351173,6,6
00003928,Malignant,72351132,1,6
00003927,Malignant,72351215,4,6
00003925,Malignant,72353130,7,6
00003924,Malignant,72350551,11,6
00003922,Malignant,72350584,7,6
00003921,Malignant,72349101,0,2
00003920,Malignant,72348047,1,6
00003919,Malignant,72353098,9,6
00003918,Malignant,72353091,0,6
00003917,Malignant,72345519,6,6
00003915,Malignant,72345477,7,6
00003914,Malignant,72375972,5,6
00003912,Malignant,72353105,10,6
00003911,Malignant,72375895,1,6
00003908,Malignant,72351176,7,6
00003906,Malignant,72345462,7,6
00003905,Malignant,72346680,7,6
00003904,Malignant,72355562,7,6
00003902,Malignant,72350574,1,6
00003901,Malignant,72346597,11,6
00003900,Malignant,72353129,1,6
00003899,Malignant,72345476,1,6
00003898,Malignant,72350518,1,6
00003897,Malignant,72353106,7,6
00003896,Malignant,72353105,1,6
00003895,Malignant,72345461,1,6
00003894,Malignant,72345462,0,1
00003893,Malignant,72356524,11,6
00003892,Malignant,72345528,1,6
00003891,Malignant,72370592,0,2
00003890,Malignant,72346234,11,6
00003889,Malignant,72346579,0,5
00003884,Malignant,74720644,1,6
