ID,Diagnosis,GRCh38Location,Allele
1332717,M,72345527,1
1210422,U,72351189,2
1172730,B,72353011,2
1172729,B,72347885,3
1172728,B,72347852,4
1161291,B,72350585,5
1159800,B,72346696,3
1158359,B,72350618,1
1158347,B,72349177,6
1155647,B,72375931,1
1155646,B,72356568,1
1155645,B,72353733,2
1155644,B,72349269,4
1155643,B,72346717,1
1154238,B,72349225,2
1153442,B,72346594,7
1152608,B,72348107,6
1152184,B,72355578,8
1152177,B,72344150,9
1151332,B,72346618,2
1150491,B,72346591,10
1146692,B,72344134,6
1145500,B,72347752,2
1143303,B,72349198,1
1142522,B,72375922,5
1141558,B,72350588,7
1140263,B,72345557,7
1139471,B,72375850,10
1139222,B,72351154,8
1137341,B,72375790,7
1137339,B,72351202,7
1137338,B,72347765,6
1137337,B,72346282,6
1137199,B,72349267,6
1135925,B,72349156,3
1135720,B,72375805,7
1135486,B,72350639,7
1135301,B,72375967,1
1134901,B,72351172,7
1134857,B,72350654,6
1134244,B,72353119,11
1132406,B,72375925,7
1131215,B,72375898,9
1131210,B,72355549,6
1130539,B,72353058,9
1130285,B,72347766,7
1126967,B,72375790,9
1124832,B,72345538,11
1124247,B,72351223,11
1122043,B,72375784,2
1120860,B,72349216,7
1118732,B,72344110,1
1116534,B,72356603,7
1116489,B,72346297,6
1115242,B,72350555,2
1115037,B,72349216,9
1112973,B,72353079,7
1112813,B,72356610,2
1112812,B,72355631,1
1112811,B,72351123,7
1112810,B,72347740,6
1112809,B,72345558,6
1112076,B,72350508,3
1110941,B,72344113,6
1109704,B,72346318,12
1108733,B,72355566,6
1107458,B,72353086,6
1106053,B,72346618,10
1105754,B,72350510,6
1105450,B,72346240,2
1104804,B,72346666,1
1103301,B,72348089,7
1099298,B,72346684,2
1099285,B,72348142,11
1097676,B,72353059,11
1096553,B,72350531,2
1095509,B,72356559,6
1094146,B,72351238,1
1093316,B,72353146,6
1092936,B,72345547,7
1092904,B,72346226,6
1090876,B,72375877,7
1089190,B,72345560,6
1085384,B,72347746,7
1084861,B,72375829,7
1084479,B,72356580,7
1084478,B,72355563,7
1084477,B,72350511,1
1084476,B,72347734,6
1084244,B,72375763,7
1084093,B,72349189,7
1082644,B,72375787,7
1081742,B,72344147,7
1079810,B,72347689,1
1076289,M,72348047,11
1074825,M,72350568,2
1069429,M,72347734,8
1068265,M,72349078,2
1067655,M,72346686,2
1062447,U,72375776,1
1060883,U,72349210,7
1052795,U,72355554,4
1040974,U,72375746,11
1037233,U,72346586,2
1035422,U,72375735,4
1009976,U,72375716,5
1004843,U,72375918,7
1003011,U,72355624,3
992197,U,72349103,2
992196,U,72353139,8
989844,U,72375880,3
989843,B,72356650,2
989842,U,72350534,6
989841,U,72344111,12
987865,M,72375870,7
984040,M,72356587,12
984039,M,72355601,7
984038,M,72353699,10
984037,M,72349107,10
984036,M,72348097,3
983878,M,72347734,12
983877,M,72347714,2
983876,M,72347713,2
983875,M,72347712,7
983874,M,72347709,10
968774,U,72346693,9
965758,U,72346637,12
957455,U,72356520,2
943638,M,72356619,1
943184,U,72348082,10
935829,U,72346256,7
934937,U,72353096,6
931862,U,72353197,7
929000,M,72351189,13
928998,M,72353739,1
918075,M,72345528,10
918074,M,72355624,1
917630,M,72346674,13
853454,U,72355561,2
851122,U,72344138,2
848178,U,72355598,8
842051,M,72349259,2
841751,U,72346593,9
839454,U,72353160,2
838291,U,72375867,7
811826,U,72375941,6
811723,U,72349229,9
803106,B,72353099,5
798548,B,72355590,4
798440,B,72349108,6
795781,B,72353747,1
795404,B,72346600,7
793686,B,72356562,3
792633,B,72350528,7
791700,B,72349084,7
706003,B,72346603,7
705493,B,72345495,7
705452,B,72353110,5
702875,B,72344122,1
701951,B,72351208,7
701158,B,72344119,7
700888,B,72347677,11
700806,B,72346540,7
700042,B,72353121,7
699587,B,72349159,7
699170,B,72375736,7
699153,B,72375960,5
698839,B,72353186,7
697761,B,72345529,7
697552,B,72351223,2
697361,B,72346627,7
696182,B,72344095,2
695932,B,72346318,6
695525,B,72375871,7
695235,B,72375904,9
662486,M,72353720,7
662159,U,72351218,1
656465,U,72345496,9
654741,U,72351133,10
652828,U,72351138,1
652196,U,72356526,8
651332,U,72375792,7
649716,U,72348093,10
644889,M,72375970,2
619221,M,72375972,5
582729,U,72348048,7
569012,M,72351235,10
558499,M,72345444,6
557877,M,72346642,1
557782,U,72349124,3
557460,M,72375901,2
557210,U,72350574,10
556602,B,72346222,2
556416,U,72375864,12
556348,M,72356524,2
556323,M,72356524,10
556070,U,72351198,8
555956,U,72345461,10
555822,M,72346686,3
555688,M,72345551,10
555452,B,72347997,2
555211,U,72346295,2
555154,U,72346263,2
555127,B,72347678,2
555126,B,72348007,7
555082,B,72346220,10
555055,U,72347729,1
555044,U,72375872,1
555043,U,72346668,7
555027,U,72346281,1
555026,U,72346240,11
555024,U,72347745,2
555019,U,72348099,1
555015,U,72346538,6
554899,B,72370613,2
554885,U,72346582,1
554884,U,72356567,7
554883,U,72353722,10
554882,U,72347748,1
554871,U,72345497,1
554870,U,72346679,2
554863,U,72375920,2
554861,U,72355583,11
554859,U,72353093,7
554858,U,72375839,5
554856,U,72356585,2
554854,U,72346628,7
554849,U,72375762,9
554847,U,72346626,2
554841,U,72346620,7
554821,U,72356611,2
554731,M,72375953,2
554702,U,72375963,6
554686,M,72346234,10
554678,U,72346651,13
554588,U,72348118,3
554357,U,72345445,10
553909,M,72375833,7
553832,M,72375834,7
553551,U,72347668,1
553250,U,72350587,2
552635,U,72346220,11
552290,M,72375713,14
551737,M,72346689,7
551391,M,72345470,9
551323,U,72353103,7
550802,M,72375882,7
550606,U,72348113,11
550303,M,72348047,10
522667,U,72350569,7
496012,B,72353090,12
496011,M,72353179,10
496010,M,72375786,10
493161,U,72375901,10
458318,U,72351224,7
453185,M,72375740,2
446383,U,72351207,2
446267,M,72351231,2
445397,U,72345482,1
439785,U,72356612,7
438810,B,72375965,11
438809,B,72370646,7
438808,B,72347858,6
438807,B,72347844,2
421021,U,72353108,9
381668,U,72350575,2
379311,M,72375818,4
375365,M,72345518,2
375364,M,72345540,2
375363,M,72346296,11
375361,M,72346598,2
375360,M,72347711,5
375358,M,72350517,11
375357,M,72350518,11
375356,M,72350535,7
375355,M,72351168,6
375354,M,72351189,11
375353,M,72353114,5
375352,M,72353179,2
375351,M,72353687,5
375349,M,72356555,7
374505,M,72353686,2
371633,M,72375891,7
371534,M,72375719,2
371490,M,72346526,2
371169,M,72346235,2
371041,M,72375777,7
370974,M,72349260,11
370659,M,72350614,7
370596,M,72346707,7
370326,M,72375947,4
317055,U,72376179,1
317054,U,72376153,6
317053,U,72376139,2
317052,U,72376113,2
317051,U,72376108,2
317050,U,72376031,2
317049,U,72375976,2
317048,U,72375909,2
317047,U,72356600,2
317046,U,72356512,7
317045,U,72350663,6
317044,U,72348088,2
317043,U,72347725,7
317042,U,72346641,7
317041,U,72346221,11
317040,U,72344065,7
317039,U,72344001,2
317038,U,72343877,6
317037,U,72343722,9
317036,U,72343641,7
317035,B,72343562,2
317034,U,72343502,2
317033,B,72343488,8
317032,B,72343447,1
288069,U,72375935,7
287080,U,72345537,2
256352,B,72350564,2
256351,B,72351103,8
256350,B,72346371,2
221281,M,72349101,10
221280,U,72349101,2
218337,M,72346679,11
218335,M,72356531,2
218134,M,72346271,3
209160,U,72349266,2
197682,U,72353102,1
195081,U,72356573,10
194339,U,72344146,6
189180,M,72353067,2
189166,M,72347709,13
189126,M,72375971,6
189046,M,72346549,15
188954,M,72344139,7
188929,M,72349076,1
126510,B,72350578,7
100729,M,72346552,7
93193,B,72375964,7
93192,U,72353141,2
93191,B,72345454,1
93190,U,72346259,1
93189,B,72346551,1
93188,B,72346662,1
30606,M,72375800,2
3943,M,72349093,12
3942,U,72346305,9
3941,M,72345550,11
3938,M,72350517,2
3936,M,72346681,2
3935,M,72375857,8
3934,M,72346296,2
3933,U,72349163,8
3931,U,72351194,1
3930,M,72355591,8
3929,M,72351173,6
3928,M,72351132,2
3927,U,72351215,5
3925,M,72353130,7
3924,M,72350551,11
3922,U,72350584,7
3920,M,72348047,2
3919,M,72353098,9
3917,U,72345519,6
3915,M,72345477,7
3914,M,72375972,1
3912,M,72353105,10
3911,M,72375895,2
3908,M,72351176,7
3906,M,72345462,7
3905,M,72346680,7
3904,M,72355562,7
3902,M,72350574,2
3901,M,72346597,11
3900,M,72353129,2
3899,M,72345476,2
3898,M,72350518,2
3897,M,72353106,7
3896,M,72353105,2
3895,M,72345461,2
3894,M,72345462,14
3893,M,72356524,11
3892,M,72345528,2
3890,M,72346234,11
3884,M,74720644,2
